{"test_accuracy": 0.99333, "val_accuracy": 0.99272}