{"test_accuracy": 0.99495, "val_accuracy": 0.99478}