{"test_accuracy": 0.99688, "val_accuracy": 0.99688}