{"test_accuracy": 0.99841, "val_accuracy": 0.99823}