{"test_accuracy": 0.99662, "val_accuracy": 0.99663}