{"test_accuracy": 0.99461, "val_accuracy": 0.99457}