{"test_accuracy": 0.99762, "val_accuracy": 0.99786}