{"test_accuracy": 0.99117, "val_accuracy": 0.99074}